{
  "Create Student Address" : {
    "transaction" : "Create Student Address",
    "sampleCount" : 4000,
    "errorCount" : 2,
    "errorPct" : 0.05,
    "meanResTime" : 609.7084999999998,
    "medianResTime" : 184.0,
    "minResTime" : 105.0,
    "maxResTime" : 3134.0,
    "pct1ResTime" : 1948.7000000000003,
    "pct2ResTime" : 2239.8999999999996,
    "pct3ResTime" : 2659.0,
    "throughput" : 28.673012960201856,
    "receivedKBytesPerSec" : 9.269531474007914,
    "sentKBytesPerSec" : 22.2606884256007
  },
  "Delete" : {
    "transaction" : "Delete",
    "sampleCount" : 4000,
    "errorCount" : 0,
    "errorPct" : 0.0,
    "meanResTime" : 604.5807499999993,
    "medianResTime" : 156.0,
    "minResTime" : 111.0,
    "maxResTime" : 3629.0,
    "pct1ResTime" : 2030.0,
    "pct2ResTime" : 2462.7999999999993,
    "pct3ResTime" : 2796.0,
    "throughput" : 29.263510597048775,
    "receivedKBytesPerSec" : 13.231250548690824,
    "sentKBytesPerSec" : 7.201467039227737
  },
  "Get final student details" : {
    "transaction" : "Get final student details",
    "sampleCount" : 4000,
    "errorCount" : 5,
    "errorPct" : 0.125,
    "meanResTime" : 1095.167250000003,
    "medianResTime" : 301.0,
    "minResTime" : 213.0,
    "maxResTime" : 21171.0,
    "pct1ResTime" : 3047.9,
    "pct2ResTime" : 3294.8999999999996,
    "pct3ResTime" : 4882.0,
    "throughput" : 28.691728891853703,
    "receivedKBytesPerSec" : 13.272705524682058,
    "sentKBytesPerSec" : 4.757223142748524
  },
  "Debug Sampler" : {
    "transaction" : "Debug Sampler",
    "sampleCount" : 4000,
    "errorCount" : 0,
    "errorPct" : 0.0,
    "meanResTime" : 0.051499999999999886,
    "medianResTime" : 0.0,
    "minResTime" : 0.0,
    "maxResTime" : 8.0,
    "pct1ResTime" : 0.0,
    "pct2ResTime" : 0.0,
    "pct3ResTime" : 1.0,
    "throughput" : 29.433406916850625,
    "receivedKBytesPerSec" : 8.525210977740986,
    "sentKBytesPerSec" : 0.0
  },
  "Create" : {
    "transaction" : "Create",
    "sampleCount" : 4000,
    "errorCount" : 2,
    "errorPct" : 0.05,
    "meanResTime" : 1958.267000000001,
    "medianResTime" : 763.5,
    "minResTime" : 437.0,
    "maxResTime" : 21171.0,
    "pct1ResTime" : 3934.9,
    "pct2ResTime" : 5234.9,
    "pct3ResTime" : 6461.949999999999,
    "throughput" : 28.073524560824797,
    "receivedKBytesPerSec" : 12.862060737070387,
    "sentKBytesPerSec" : 8.850795467704918
  },
  "Total" : {
    "transaction" : "Total",
    "sampleCount" : 32000,
    "errorCount" : 11,
    "errorPct" : 0.034375,
    "meanResTime" : 783.3609062500004,
    "medianResTime" : 148.0,
    "minResTime" : 0.0,
    "maxResTime" : 21171.0,
    "pct1ResTime" : 532.0,
    "pct2ResTime" : 684.0,
    "pct3ResTime" : 1393.9900000000016,
    "throughput" : 223.12401511665203,
    "receivedKBytesPerSec" : 377.3638494100287,
    "sentKBytesPerSec" : 60.29155706571002
  },
  "Get Student" : {
    "transaction" : "Get Student",
    "sampleCount" : 4000,
    "errorCount" : 0,
    "errorPct" : 0.0,
    "meanResTime" : 780.6925,
    "medianResTime" : 372.5,
    "minResTime" : 210.0,
    "maxResTime" : 4012.0,
    "pct1ResTime" : 2274.7000000000003,
    "pct2ResTime" : 2720.95,
    "pct3ResTime" : 3034.9399999999987,
    "throughput" : 28.630735094123544,
    "receivedKBytesPerSec" : 309.2061723279472,
    "sentKBytesPerSec" : 4.417632953976093
  },
  "Get Specific student" : {
    "transaction" : "Get Specific student",
    "sampleCount" : 4000,
    "errorCount" : 0,
    "errorPct" : 0.0,
    "meanResTime" : 578.8322499999989,
    "medianResTime" : 160.0,
    "minResTime" : 103.0,
    "maxResTime" : 3407.0,
    "pct1ResTime" : 2078.0,
    "pct2ResTime" : 2247.0,
    "pct3ResTime" : 2612.8799999999974,
    "throughput" : 28.661918342194642,
    "receivedKBytesPerSec" : 11.99128313810387,
    "sentKBytesPerSec" : 4.6462677032130015
  },
  "Update" : {
    "transaction" : "Update",
    "sampleCount" : 4000,
    "errorCount" : 2,
    "errorPct" : 0.05,
    "meanResTime" : 639.5875000000004,
    "medianResTime" : 186.5,
    "minResTime" : 104.0,
    "maxResTime" : 3665.0,
    "pct1ResTime" : 2097.9,
    "pct2ResTime" : 2319.95,
    "pct3ResTime" : 2926.99,
    "throughput" : 28.660891497030015,
    "receivedKBytesPerSec" : 9.34920239873749,
    "sentKBytesPerSec" : 9.796007224335964
  }
}