{
  "Create Student Address" : {
    "transaction" : "Create Student Address",
    "sampleCount" : 5400,
    "errorCount" : 23,
    "errorPct" : 0.42592594,
    "meanResTime" : 206.48629629629576,
    "medianResTime" : 116.5,
    "minResTime" : 69.0,
    "maxResTime" : 2183.0,
    "pct1ResTime" : 579.9000000000005,
    "pct2ResTime" : 697.9499999999998,
    "pct3ResTime" : 787.9799999999996,
    "throughput" : 96.85403737848405,
    "receivedKBytesPerSec" : 31.341956686964163,
    "sentKBytesPerSec" : 75.19147659248664
  },
  "Delete" : {
    "transaction" : "Delete",
    "sampleCount" : 5400,
    "errorCount" : 0,
    "errorPct" : 0.0,
    "meanResTime" : 344.49981481481336,
    "medianResTime" : 245.0,
    "minResTime" : 74.0,
    "maxResTime" : 15352.0,
    "pct1ResTime" : 748.5000000000027,
    "pct2ResTime" : 1029.9499999999998,
    "pct3ResTime" : 1131.9899999999998,
    "throughput" : 84.70588235294117,
    "receivedKBytesPerSec" : 38.29469975490196,
    "sentKBytesPerSec" : 20.84312193627451
  },
  "Get final student details" : {
    "transaction" : "Get final student details",
    "sampleCount" : 5400,
    "errorCount" : 36,
    "errorPct" : 0.6666667,
    "meanResTime" : 7201.8679629629705,
    "medianResTime" : 8029.0,
    "minResTime" : 141.0,
    "maxResTime" : 21356.0,
    "pct1ResTime" : 11620.800000000001,
    "pct2ResTime" : 15338.0,
    "pct3ResTime" : 15588.929999999998,
    "throughput" : 84.63021298603601,
    "receivedKBytesPerSec" : 40.11453117408748,
    "sentKBytesPerSec" : 13.953807355580109
  },
  "Debug Sampler" : {
    "transaction" : "Debug Sampler",
    "sampleCount" : 5400,
    "errorCount" : 0,
    "errorPct" : 0.0,
    "meanResTime" : 0.14907407407407403,
    "medianResTime" : 0.0,
    "minResTime" : 0.0,
    "maxResTime" : 215.0,
    "pct1ResTime" : 0.0,
    "pct2ResTime" : 1.0,
    "pct3ResTime" : 1.0,
    "throughput" : 85.87786259541986,
    "receivedKBytesPerSec" : 24.881952106194337,
    "sentKBytesPerSec" : 0.0
  },
  "Create" : {
    "transaction" : "Create",
    "sampleCount" : 5399,
    "errorCount" : 23,
    "errorPct" : 0.42600483,
    "meanResTime" : 7229.449712909794,
    "medianResTime" : 8498.0,
    "minResTime" : 291.0,
    "maxResTime" : 21475.0,
    "pct1ResTime" : 10140.0,
    "pct2ResTime" : 10834.0,
    "pct3ResTime" : 15903.0,
    "throughput" : 91.15467085380473,
    "receivedKBytesPerSec" : 42.53426056070506,
    "sentKBytesPerSec" : 28.630400648331054
  },
  "Total" : {
    "transaction" : "Total",
    "sampleCount" : 43199,
    "errorCount" : 105,
    "errorPct" : 0.24306118,
    "meanResTime" : 1969.08231672029,
    "medianResTime" : 149.0,
    "minResTime" : 0.0,
    "maxResTime" : 21475.0,
    "pct1ResTime" : 9569.0,
    "pct2ResTime" : 10163.95,
    "pct3ResTime" : 15596.0,
    "throughput" : 633.4721529753351,
    "receivedKBytesPerSec" : 1068.3826885429803,
    "sentKBytesPerSec" : 170.9959877793501
  },
  "Get Student" : {
    "transaction" : "Get Student",
    "sampleCount" : 5400,
    "errorCount" : 0,
    "errorPct" : 0.0,
    "meanResTime" : 353.8716666666661,
    "medianResTime" : 221.0,
    "minResTime" : 138.0,
    "maxResTime" : 15880.0,
    "pct1ResTime" : 754.0,
    "pct2ResTime" : 845.8999999999996,
    "pct3ResTime" : 1150.9699999999993,
    "throughput" : 96.50267169433673,
    "receivedKBytesPerSec" : 1032.716021761129,
    "sentKBytesPerSec" : 14.890060671587111
  },
  "Get Specific student" : {
    "transaction" : "Get Specific student",
    "sampleCount" : 5400,
    "errorCount" : 0,
    "errorPct" : 0.0,
    "meanResTime" : 206.04074074074103,
    "medianResTime" : 115.0,
    "minResTime" : 69.0,
    "maxResTime" : 1216.0,
    "pct1ResTime" : 620.0,
    "pct2ResTime" : 704.0,
    "pct3ResTime" : 797.0,
    "throughput" : 96.75685361046408,
    "receivedKBytesPerSec" : 44.343164167487906,
    "sentKBytesPerSec" : 15.682375890297438
  },
  "Update" : {
    "transaction" : "Update",
    "sampleCount" : 5400,
    "errorCount" : 23,
    "errorPct" : 0.42592594,
    "meanResTime" : 211.26740740740723,
    "medianResTime" : 126.0,
    "minResTime" : 69.0,
    "maxResTime" : 3084.0,
    "pct1ResTime" : 614.9000000000005,
    "pct2ResTime" : 712.9499999999998,
    "pct3ResTime" : 803.0,
    "throughput" : 96.65121440461063,
    "receivedKBytesPerSec" : 31.548626663430042,
    "sentKBytesPerSec" : 33.02945484911671
  }
}