{
  "Create Student Address" : {
    "transaction" : "Create Student Address",
    "sampleCount" : 5450,
    "errorCount" : 9,
    "errorPct" : 0.16513762,
    "meanResTime" : 1022.5412844036674,
    "medianResTime" : 903.0,
    "minResTime" : 69.0,
    "maxResTime" : 3314.0,
    "pct1ResTime" : 2279.0,
    "pct2ResTime" : 2451.8999999999996,
    "pct3ResTime" : 2990.449999999999,
    "throughput" : 77.58890692178468,
    "receivedKBytesPerSec" : 25.090768788616497,
    "sentKBytesPerSec" : 60.23660556985137
  },
  "Delete" : {
    "transaction" : "Delete",
    "sampleCount" : 5450,
    "errorCount" : 420,
    "errorPct" : 7.706422,
    "meanResTime" : 1274.730642201828,
    "medianResTime" : 1401.5,
    "minResTime" : 4.0,
    "maxResTime" : 5202.0,
    "pct1ResTime" : 2603.9000000000005,
    "pct2ResTime" : 2975.0,
    "pct3ResTime" : 3909.49,
    "throughput" : 77.97856662517349,
    "receivedKBytesPerSec" : 46.18916643416176,
    "sentKBytesPerSec" : 17.710292298901145
  },
  "Get final student details" : {
    "transaction" : "Get final student details",
    "sampleCount" : 5450,
    "errorCount" : 630,
    "errorPct" : 11.559633,
    "meanResTime" : 2162.5130275229303,
    "medianResTime" : 2508.5,
    "minResTime" : 4.0,
    "maxResTime" : 21470.0,
    "pct1ResTime" : 3769.0,
    "pct2ResTime" : 3889.0,
    "pct3ResTime" : 4201.1999999999825,
    "throughput" : 77.51937984496124,
    "receivedKBytesPerSec" : 51.900036003840405,
    "sentKBytesPerSec" : 11.380894517637437
  },
  "Debug Sampler" : {
    "transaction" : "Debug Sampler",
    "sampleCount" : 5450,
    "errorCount" : 0,
    "errorPct" : 0.0,
    "meanResTime" : 0.07302752293577959,
    "medianResTime" : 0.0,
    "minResTime" : 0.0,
    "maxResTime" : 35.0,
    "pct1ResTime" : 0.0,
    "pct2ResTime" : 1.0,
    "pct3ResTime" : 1.0,
    "throughput" : 78.3181008219808,
    "receivedKBytesPerSec" : 22.697247437597003,
    "sentKBytesPerSec" : 0.0
  },
  "Create" : {
    "transaction" : "Create",
    "sampleCount" : 5450,
    "errorCount" : 9,
    "errorPct" : 0.16513762,
    "meanResTime" : 2717.914311926603,
    "medianResTime" : 2863.0,
    "minResTime" : 7.0,
    "maxResTime" : 21360.0,
    "pct1ResTime" : 4141.900000000001,
    "pct2ResTime" : 4344.45,
    "pct3ResTime" : 4831.55999999999,
    "throughput" : 104.34616121003255,
    "receivedKBytesPerSec" : 48.04227545232625,
    "sentKBytesPerSec" : 32.85952383089221
  },
  "Total" : {
    "transaction" : "Total",
    "sampleCount" : 43600,
    "errorCount" : 1082,
    "errorPct" : 2.4816513,
    "meanResTime" : 1319.6777293578061,
    "medianResTime" : 1621.0,
    "minResTime" : 0.0,
    "maxResTime" : 21470.0,
    "pct1ResTime" : 3009.0,
    "pct2ResTime" : 3239.0,
    "pct3ResTime" : 3986.9900000000016,
    "throughput" : 603.2514700795573,
    "receivedKBytesPerSec" : 1032.309740898478,
    "sentKBytesPerSec" : 160.10016268159805
  },
  "Get Student" : {
    "transaction" : "Get Student",
    "sampleCount" : 5450,
    "errorCount" : 5,
    "errorPct" : 0.09174312,
    "meanResTime" : 1238.7411009174332,
    "medianResTime" : 1342.0,
    "minResTime" : 5.0,
    "maxResTime" : 21197.0,
    "pct1ResTime" : 2406.9000000000005,
    "pct2ResTime" : 2873.0,
    "pct3ResTime" : 3123.0,
    "throughput" : 77.85269413176391,
    "receivedKBytesPerSec" : 825.0359466066225,
    "sentKBytesPerSec" : 12.001406839252041
  },
  "Get Specific student" : {
    "transaction" : "Get Specific student",
    "sampleCount" : 5450,
    "errorCount" : 0,
    "errorPct" : 0.0,
    "meanResTime" : 1077.2770642201822,
    "medianResTime" : 1166.0,
    "minResTime" : 69.0,
    "maxResTime" : 4379.0,
    "pct1ResTime" : 2230.5000000000027,
    "pct2ResTime" : 2439.699999999999,
    "pct3ResTime" : 2975.49,
    "throughput" : 77.58117553274779,
    "receivedKBytesPerSec" : 33.39586851325286,
    "sentKBytesPerSec" : 12.575760086442513
  },
  "Update" : {
    "transaction" : "Update",
    "sampleCount" : 5450,
    "errorCount" : 9,
    "errorPct" : 0.16513762,
    "meanResTime" : 1063.631376146789,
    "medianResTime" : 1205.0,
    "minResTime" : 14.0,
    "maxResTime" : 4371.0,
    "pct1ResTime" : 2098.800000000001,
    "pct2ResTime" : 2291.0,
    "pct3ResTime" : 2967.9799999999996,
    "throughput" : 77.65081355256035,
    "receivedKBytesPerSec" : 25.36367373389992,
    "sentKBytesPerSec" : 26.5343771817029
  }
}