{
  "Create Student Address" : {
    "transaction" : "Create Student Address",
    "sampleCount" : 1000,
    "errorCount" : 0,
    "errorPct" : 0.0,
    "meanResTime" : 231.77200000000002,
    "medianResTime" : 102.0,
    "minResTime" : 95.0,
    "maxResTime" : 1125.0,
    "pct1ResTime" : 596.0,
    "pct2ResTime" : 817.9499999999999,
    "pct3ResTime" : 856.99,
    "throughput" : 28.890044490668515,
    "receivedKBytesPerSec" : 9.338481178136014,
    "sentKBytesPerSec" : 22.42928258797019
  },
  "Delete" : {
    "transaction" : "Delete",
    "sampleCount" : 1000,
    "errorCount" : 0,
    "errorPct" : 0.0,
    "meanResTime" : 228.55500000000043,
    "medianResTime" : 109.5,
    "minResTime" : 100.0,
    "maxResTime" : 1578.0,
    "pct1ResTime" : 538.8,
    "pct2ResTime" : 786.8499999999998,
    "pct3ResTime" : 904.97,
    "throughput" : 29.53598960333166,
    "receivedKBytesPerSec" : 13.354651549162655,
    "sentKBytesPerSec" : 7.268622441444901
  },
  "Get final student details" : {
    "transaction" : "Get final student details",
    "sampleCount" : 1000,
    "errorCount" : 0,
    "errorPct" : 0.0,
    "meanResTime" : 359.5819999999995,
    "medianResTime" : 209.0,
    "minResTime" : 192.0,
    "maxResTime" : 3192.0,
    "pct1ResTime" : 694.0,
    "pct2ResTime" : 889.9499999999986,
    "pct3ResTime" : 1054.91,
    "throughput" : 28.993070656113186,
    "receivedKBytesPerSec" : 13.335679959989562,
    "sentKBytesPerSec" : 4.813302745643791
  },
  "Debug Sampler" : {
    "transaction" : "Debug Sampler",
    "sampleCount" : 1000,
    "errorCount" : 0,
    "errorPct" : 0.0,
    "meanResTime" : 0.32299999999999973,
    "medianResTime" : 0.0,
    "minResTime" : 0.0,
    "maxResTime" : 144.0,
    "pct1ResTime" : 0.0,
    "pct2ResTime" : 1.0,
    "pct3ResTime" : 6.0,
    "throughput" : 30.14590618593995,
    "receivedKBytesPerSec" : 8.707544907979623,
    "sentKBytesPerSec" : 0.0
  },
  "Create" : {
    "transaction" : "Create",
    "sampleCount" : 1000,
    "errorCount" : 0,
    "errorPct" : 0.0,
    "meanResTime" : 629.4240000000009,
    "medianResTime" : 422.0,
    "minResTime" : 386.0,
    "maxResTime" : 3385.0,
    "pct1ResTime" : 1011.6999999999999,
    "pct2ResTime" : 1263.8999999999999,
    "pct3ResTime" : 2001.0700000000018,
    "throughput" : 27.216068366763736,
    "receivedKBytesPerSec" : 12.438593745747488,
    "sentKBytesPerSec" : 8.58475593990692
  },
  "Total" : {
    "transaction" : "Total",
    "sampleCount" : 8000,
    "errorCount" : 0,
    "errorPct" : 0.0,
    "meanResTime" : 279.88475000000136,
    "medianResTime" : 195.0,
    "minResTime" : 0.0,
    "maxResTime" : 3385.0,
    "pct1ResTime" : 661.0,
    "pct2ResTime" : 846.9499999999998,
    "pct3ResTime" : 1151.9899999999998,
    "throughput" : 213.0265750652394,
    "receivedKBytesPerSec" : 360.843640366206,
    "sentKBytesPerSec" : 57.57334438408691
  },
  "Get Student" : {
    "transaction" : "Get Student",
    "sampleCount" : 1000,
    "errorCount" : 0,
    "errorPct" : 0.0,
    "meanResTime" : 323.7770000000001,
    "medianResTime" : 203.0,
    "minResTime" : 187.0,
    "maxResTime" : 953.0,
    "pct1ResTime" : 588.6999999999999,
    "pct2ResTime" : 730.3999999999992,
    "pct3ResTime" : 925.99,
    "throughput" : 28.306960681631615,
    "receivedKBytesPerSec" : 306.5823524676593,
    "sentKBytesPerSec" : 4.367675573923628
  },
  "Get Specific student" : {
    "transaction" : "Get Specific student",
    "sampleCount" : 1000,
    "errorCount" : 0,
    "errorPct" : 0.0,
    "meanResTime" : 214.74100000000004,
    "medianResTime" : 101.5,
    "minResTime" : 94.0,
    "maxResTime" : 868.0,
    "pct1ResTime" : 457.9,
    "pct2ResTime" : 580.0,
    "pct3ResTime" : 790.8900000000001,
    "throughput" : 28.603300820914733,
    "receivedKBytesPerSec" : 11.815621335202083,
    "sentKBytesPerSec" : 4.636863219015474
  },
  "Update" : {
    "transaction" : "Update",
    "sampleCount" : 1000,
    "errorCount" : 0,
    "errorPct" : 0.0,
    "meanResTime" : 250.90400000000025,
    "medianResTime" : 103.0,
    "minResTime" : 94.0,
    "maxResTime" : 872.0,
    "pct1ResTime" : 582.0,
    "pct2ResTime" : 698.0499999999987,
    "pct3ResTime" : 849.98,
    "throughput" : 28.39940929228672,
    "receivedKBytesPerSec" : 9.263088577757582,
    "sentKBytesPerSec" : 9.706829347949562
  }
}