{
  "Create Student Address" : {
    "transaction" : "Create Student Address",
    "sampleCount" : 3000,
    "errorCount" : 1,
    "errorPct" : 0.033333335,
    "meanResTime" : 172.0849999999998,
    "medianResTime" : 104.0,
    "minResTime" : 94.0,
    "maxResTime" : 4564.0,
    "pct1ResTime" : 355.0,
    "pct2ResTime" : 480.9499999999998,
    "pct3ResTime" : 837.0,
    "throughput" : 11.091844166984018,
    "receivedKBytesPerSec" : 3.5856624858116826,
    "sentKBytesPerSec" : 8.611318585725167
  },
  "Delete" : {
    "transaction" : "Delete",
    "sampleCount" : 3000,
    "errorCount" : 0,
    "errorPct" : 0.0,
    "meanResTime" : 199.1983333333326,
    "medianResTime" : 110.0,
    "minResTime" : 100.0,
    "maxResTime" : 4021.0,
    "pct1ResTime" : 324.8000000000002,
    "pct2ResTime" : 502.0,
    "pct3ResTime" : 2905.579999999991,
    "throughput" : 11.132427648497309,
    "receivedKBytesPerSec" : 5.033459033130105,
    "sentKBytesPerSec" : 2.7395954997625083
  },
  "Get final student details" : {
    "transaction" : "Get final student details",
    "sampleCount" : 3000,
    "errorCount" : 0,
    "errorPct" : 0.0,
    "meanResTime" : 322.8806666666659,
    "medianResTime" : 210.0,
    "minResTime" : 192.0,
    "maxResTime" : 4554.0,
    "pct1ResTime" : 489.1000000000008,
    "pct2ResTime" : 772.8999999999996,
    "pct3ResTime" : 3250.8899999999976,
    "throughput" : 11.097957975732466,
    "receivedKBytesPerSec" : 5.104576578222107,
    "sentKBytesPerSec" : 1.8424091412492603
  },
  "Debug Sampler" : {
    "transaction" : "Debug Sampler",
    "sampleCount" : 3000,
    "errorCount" : 0,
    "errorPct" : 0.0,
    "meanResTime" : 0.09066666666666649,
    "medianResTime" : 0.0,
    "minResTime" : 0.0,
    "maxResTime" : 29.0,
    "pct1ResTime" : 0.0,
    "pct2ResTime" : 1.0,
    "pct3ResTime" : 1.0,
    "throughput" : 11.153204129659715,
    "receivedKBytesPerSec" : 3.229564193195802,
    "sentKBytesPerSec" : 0.0
  },
  "Create" : {
    "transaction" : "Create",
    "sampleCount" : 3000,
    "errorCount" : 1,
    "errorPct" : 0.033333335,
    "meanResTime" : 683.2836666666689,
    "medianResTime" : 427.0,
    "minResTime" : 387.0,
    "maxResTime" : 21004.0,
    "pct1ResTime" : 1289.7000000000003,
    "pct2ResTime" : 2313.95,
    "pct3ResTime" : 3033.9199999999983,
    "throughput" : 10.962388046612073,
    "receivedKBytesPerSec" : 5.018375702963133,
    "sentKBytesPerSec" : 3.456710014917983
  },
  "Total" : {
    "transaction" : "Total",
    "sampleCount" : 24000,
    "errorCount" : 3,
    "errorPct" : 0.0125,
    "meanResTime" : 250.87204166666947,
    "medianResTime" : 111.0,
    "minResTime" : 0.0,
    "maxResTime" : 21004.0,
    "pct1ResTime" : 411.0,
    "pct2ResTime" : 440.0,
    "pct3ResTime" : 731.9900000000016,
    "throughput" : 87.41545286668051,
    "receivedKBytesPerSec" : 149.35352331511268,
    "sentKBytesPerSec" : 23.623922985847802
  },
  "Get Student" : {
    "transaction" : "Get Student",
    "sampleCount" : 3000,
    "errorCount" : 0,
    "errorPct" : 0.0,
    "meanResTime" : 279.41166666666624,
    "medianResTime" : 205.0,
    "minResTime" : 187.0,
    "maxResTime" : 3922.0,
    "pct1ResTime" : 548.0,
    "pct2ResTime" : 639.0,
    "pct3ResTime" : 875.9799999999996,
    "throughput" : 11.050171461827183,
    "receivedKBytesPerSec" : 120.92048676465714,
    "sentKBytesPerSec" : 1.7050069247741162
  },
  "Get Specific student" : {
    "transaction" : "Get Specific student",
    "sampleCount" : 3000,
    "errorCount" : 0,
    "errorPct" : 0.0,
    "meanResTime" : 171.8899999999998,
    "medianResTime" : 102.0,
    "minResTime" : 94.0,
    "maxResTime" : 4435.0,
    "pct1ResTime" : 357.9000000000001,
    "pct2ResTime" : 426.0,
    "pct3ResTime" : 834.9899999999998,
    "throughput" : 11.077836572369659,
    "receivedKBytesPerSec" : 4.615238752764844,
    "sentKBytesPerSec" : 1.79579592063284
  },
  "Update" : {
    "transaction" : "Update",
    "sampleCount" : 3000,
    "errorCount" : 1,
    "errorPct" : 0.033333335,
    "meanResTime" : 178.13633333333343,
    "medianResTime" : 104.0,
    "minResTime" : 94.0,
    "maxResTime" : 4466.0,
    "pct1ResTime" : 448.0,
    "pct2ResTime" : 486.0,
    "pct3ResTime" : 789.8499999999967,
    "throughput" : 11.061702174730648,
    "receivedKBytesPerSec" : 3.6082285870795627,
    "sentKBytesPerSec" : 3.7808048241004992
  }
}