{
  "Create Student Address" : {
    "transaction" : "Create Student Address",
    "sampleCount" : 2000,
    "errorCount" : 1,
    "errorPct" : 0.05,
    "meanResTime" : 1965.0744999999981,
    "medianResTime" : 2120.0,
    "minResTime" : 113.0,
    "maxResTime" : 3510.0,
    "pct1ResTime" : 2462.9,
    "pct2ResTime" : 2979.749999999999,
    "pct3ResTime" : 3304.9,
    "throughput" : 78.9110278161373,
    "receivedKBytesPerSec" : 25.510686895837445,
    "sentKBytesPerSec" : 61.26366301292168
  },
  "Delete" : {
    "transaction" : "Delete",
    "sampleCount" : 2000,
    "errorCount" : 0,
    "errorPct" : 0.0,
    "meanResTime" : 1801.8259999999957,
    "medianResTime" : 1739.0,
    "minResTime" : 107.0,
    "maxResTime" : 4034.0,
    "pct1ResTime" : 2310.5000000000005,
    "pct2ResTime" : 2840.099999999993,
    "pct3ResTime" : 3376.95,
    "throughput" : 83.98773779028262,
    "receivedKBytesPerSec" : 37.97435027610969,
    "sentKBytesPerSec" : 20.668570279364214
  },
  "Get final student details" : {
    "transaction" : "Get final student details",
    "sampleCount" : 2000,
    "errorCount" : 0,
    "errorPct" : 0.0,
    "meanResTime" : 2182.2864999999993,
    "medianResTime" : 2061.0,
    "minResTime" : 212.0,
    "maxResTime" : 3978.0,
    "pct1ResTime" : 2754.1000000000035,
    "pct2ResTime" : 3446.0,
    "pct3ResTime" : 3654.98,
    "throughput" : 79.39028262940616,
    "receivedKBytesPerSec" : 36.51588611960146,
    "sentKBytesPerSec" : 13.179756036142425
  },
  "Debug Sampler" : {
    "transaction" : "Debug Sampler",
    "sampleCount" : 2000,
    "errorCount" : 0,
    "errorPct" : 0.0,
    "meanResTime" : 0.07300000000000002,
    "medianResTime" : 0.0,
    "minResTime" : 0.0,
    "maxResTime" : 4.0,
    "pct1ResTime" : 0.0,
    "pct2ResTime" : 1.0,
    "pct3ResTime" : 1.0,
    "throughput" : 87.66931135755928,
    "receivedKBytesPerSec" : 25.369264166812783,
    "sentKBytesPerSec" : 0.0
  },
  "Create" : {
    "transaction" : "Create",
    "sampleCount" : 2000,
    "errorCount" : 1,
    "errorPct" : 0.05,
    "meanResTime" : 3377.6395000000025,
    "medianResTime" : 3907.0,
    "minResTime" : 616.0,
    "maxResTime" : 21134.0,
    "pct1ResTime" : 4304.9,
    "pct2ResTime" : 4395.9,
    "pct3ResTime" : 4607.93,
    "throughput" : 68.83023023712015,
    "receivedKBytesPerSec" : 31.535000172075577,
    "sentKBytesPerSec" : 21.700242465240734
  },
  "Total" : {
    "transaction" : "Total",
    "sampleCount" : 16000,
    "errorCount" : 3,
    "errorPct" : 0.01875,
    "meanResTime" : 1941.5226874999855,
    "medianResTime" : 1987.0,
    "minResTime" : 0.0,
    "maxResTime" : 21134.0,
    "pct1ResTime" : 3437.0,
    "pct2ResTime" : 4036.949999999999,
    "pct3ResTime" : 4326.0,
    "throughput" : 526.1946262373796,
    "receivedKBytesPerSec" : 872.833654411402,
    "sentKBytesPerSec" : 142.19956933230836
  },
  "Get Student" : {
    "transaction" : "Get Student",
    "sampleCount" : 2000,
    "errorCount" : 0,
    "errorPct" : 0.0,
    "meanResTime" : 2376.0720000000024,
    "medianResTime" : 2640.0,
    "minResTime" : 374.0,
    "maxResTime" : 4123.0,
    "pct1ResTime" : 3341.0,
    "pct2ResTime" : 3393.0,
    "pct3ResTime" : 3546.91,
    "throughput" : 73.43761474627304,
    "receivedKBytesPerSec" : 774.2250180151648,
    "sentKBytesPerSec" : 11.331194462803847
  },
  "Get Specific student" : {
    "transaction" : "Get Specific student",
    "sampleCount" : 2000,
    "errorCount" : 0,
    "errorPct" : 0.0,
    "meanResTime" : 1845.1275000000003,
    "medianResTime" : 1816.0,
    "minResTime" : 215.0,
    "maxResTime" : 3624.0,
    "pct1ResTime" : 2416.0,
    "pct2ResTime" : 2924.0,
    "pct3ResTime" : 3250.91,
    "throughput" : 75.90708972218005,
    "receivedKBytesPerSec" : 31.759000030837257,
    "sentKBytesPerSec" : 12.304991424870959
  },
  "Update" : {
    "transaction" : "Update",
    "sampleCount" : 2000,
    "errorCount" : 1,
    "errorPct" : 0.05,
    "meanResTime" : 1984.0824999999963,
    "medianResTime" : 2070.5,
    "minResTime" : 110.0,
    "maxResTime" : 3485.0,
    "pct1ResTime" : 2884.0,
    "pct2ResTime" : 3095.0,
    "pct3ResTime" : 3294.0,
    "throughput" : 74.33562534844825,
    "receivedKBytesPerSec" : 24.248331804032706,
    "sentKBytesPerSec" : 25.40717629158149
  }
}