{
  "Create Student Address" : {
    "transaction" : "Create Student Address",
    "sampleCount" : 5100,
    "errorCount" : 2,
    "errorPct" : 0.039215688,
    "meanResTime" : 89.15470588235304,
    "medianResTime" : 82.0,
    "minResTime" : 75.0,
    "maxResTime" : 2089.0,
    "pct1ResTime" : 98.0,
    "pct2ResTime" : 132.0,
    "pct3ResTime" : 181.0,
    "throughput" : 14.907921660333235,
    "receivedKBytesPerSec" : 4.81936020169541,
    "sentKBytesPerSec" : 11.573981246346097
  },
  "Delete" : {
    "transaction" : "Delete",
    "sampleCount" : 5100,
    "errorCount" : 0,
    "errorPct" : 0.0,
    "meanResTime" : 101.36882352941183,
    "medianResTime" : 88.0,
    "minResTime" : 81.0,
    "maxResTime" : 823.0,
    "pct1ResTime" : 102.0,
    "pct2ResTime" : 194.94999999999982,
    "pct3ResTime" : 411.9899999999998,
    "throughput" : 14.90935986224921,
    "receivedKBytesPerSec" : 6.741163829015953,
    "sentKBytesPerSec" : 3.66906031018777
  },
  "Get final student details" : {
    "transaction" : "Get final student details",
    "sampleCount" : 5100,
    "errorCount" : 2,
    "errorPct" : 0.039215688,
    "meanResTime" : 211.47098039215666,
    "medianResTime" : 167.0,
    "minResTime" : 154.0,
    "maxResTime" : 21003.0,
    "pct1ResTime" : 192.0,
    "pct2ResTime" : 366.9499999999998,
    "pct3ResTime" : 1001.9799999999996,
    "throughput" : 14.903826484391894,
    "receivedKBytesPerSec" : 6.867455166148442,
    "sentKBytesPerSec" : 2.473257813915498
  },
  "Debug Sampler" : {
    "transaction" : "Debug Sampler",
    "sampleCount" : 5100,
    "errorCount" : 0,
    "errorPct" : 0.0,
    "meanResTime" : 0.05078431372549012,
    "medianResTime" : 0.0,
    "minResTime" : 0.0,
    "maxResTime" : 18.0,
    "pct1ResTime" : 0.0,
    "pct2ResTime" : 0.0,
    "pct3ResTime" : 1.0,
    "throughput" : 14.924019184680347,
    "receivedKBytesPerSec" : 4.323616153860785,
    "sentKBytesPerSec" : 0.0
  },
  "Create" : {
    "transaction" : "Create",
    "sampleCount" : 5100,
    "errorCount" : 2,
    "errorPct" : 0.039215688,
    "meanResTime" : 453.8982352941184,
    "medianResTime" : 337.0,
    "minResTime" : 310.0,
    "maxResTime" : 21005.0,
    "pct1ResTime" : 410.0,
    "pct2ResTime" : 1460.8499999999995,
    "pct3ResTime" : 2373.9699999999993,
    "throughput" : 14.79513095141395,
    "receivedKBytesPerSec" : 6.774891719948478,
    "sentKBytesPerSec" : 4.664993405650579
  },
  "Total" : {
    "transaction" : "Total",
    "sampleCount" : 40800,
    "errorCount" : 8,
    "errorPct" : 0.019607844,
    "meanResTime" : 152.7043872549033,
    "medianResTime" : 86.0,
    "minResTime" : 0.0,
    "maxResTime" : 21005.0,
    "pct1ResTime" : 320.0,
    "pct2ResTime" : 339.0,
    "pct3ResTime" : 366.0,
    "throughput" : 118.12562428523864,
    "receivedKBytesPerSec" : 202.39035933948813,
    "sentKBytesPerSec" : 31.92203966654121
  },
  "Get Student" : {
    "transaction" : "Get Student",
    "sampleCount" : 5100,
    "errorCount" : 0,
    "errorPct" : 0.0,
    "meanResTime" : 190.2113725490195,
    "medianResTime" : 162.0,
    "minResTime" : 149.0,
    "maxResTime" : 2720.0,
    "pct1ResTime" : 194.90000000000055,
    "pct2ResTime" : 269.0,
    "pct3ResTime" : 773.9899999999998,
    "throughput" : 14.902215170455044,
    "receivedKBytesPerSec" : 163.61925440619785,
    "sentKBytesPerSec" : 2.2993652313788058
  },
  "Get Specific student" : {
    "transaction" : "Get Specific student",
    "sampleCount" : 5100,
    "errorCount" : 0,
    "errorPct" : 0.0,
    "meanResTime" : 85.40882352941202,
    "medianResTime" : 81.0,
    "minResTime" : 75.0,
    "maxResTime" : 1385.0,
    "pct1ResTime" : 92.0,
    "pct2ResTime" : 107.0,
    "pct3ResTime" : 150.0,
    "throughput" : 14.908095973060194,
    "receivedKBytesPerSec" : 6.220293426406623,
    "sentKBytesPerSec" : 2.4167021556083674
  },
  "Update" : {
    "transaction" : "Update",
    "sampleCount" : 5100,
    "errorCount" : 2,
    "errorPct" : 0.039215688,
    "meanResTime" : 90.0713725490193,
    "medianResTime" : 82.0,
    "minResTime" : 75.0,
    "maxResTime" : 2112.0,
    "pct1ResTime" : 102.0,
    "pct2ResTime" : 122.0,
    "pct3ResTime" : 169.98999999999978,
    "throughput" : 14.905525273633295,
    "receivedKBytesPerSec" : 4.862099916339086,
    "sentKBytesPerSec" : 5.094582042495361
  }
}